,states,f1_scores,accuracy_scores,cfms,time
0,RAW:SVM:12.20:12.20,0.7955778055903211,0.7959183673469388,"[[0.83673469 0.16326531]
 [0.24489796 0.75510204]]",12.20470643043518
1,RAW:RBF:3.61:3.61,0.8061022597105071,0.8061224489795918,"[[0.79591837 0.20408163]
 [0.18367347 0.81632653]]",3.6130566596984863
2,LLE:SVM:0.02:72.75,0.8160200250312891,0.8163265306122449,"[[0.85714286 0.14285714]
 [0.2244898  0.7755102 ]]",72.75297665596008
3,LLE:RBF:2.98:75.70,0.81625,0.8163265306122449,"[[0.79591837 0.20408163]
 [0.16326531 0.83673469]]",75.70493626594543
4,MLLE:SVM:0.02:77.69,0.7746655518394651,0.7755102040816326,"[[0.83673469 0.16326531]
 [0.28571429 0.71428571]]",77.68868136405945
5,MLLE:RBF:2.77:80.44,0.7751355861493535,0.7755102040816326,"[[0.81632653 0.18367347]
 [0.26530612 0.73469388]]",80.43759560585022
