,states,f1_scores,accuracy_scores,cfms,time
0,RAW:SVM:5.30:5.30,0.8260778786929742,0.826530612244898,"[[0.87755102 0.12244898]
 [0.2244898  0.7755102 ]]",5.296875476837158
1,LLE:SVM:4.14:69.86,0.8570833333333334,0.8571428571428571,"[[0.83673469 0.16326531]
 [0.12244898 0.87755102]]",69.86309909820557
2,MLLE:SVM:3.80:72.21,0.805940594059406,0.8061224489795918,"[[0.83673469 0.16326531]
 [0.2244898  0.7755102 ]]",72.20553469657898
