,states,f1_scores,accuracy_scores,cfms,time
0,RAW:SVM:4.67:4.67,0.8260778786929742,0.826530612244898,"[[0.87755102 0.12244898]
 [0.2244898  0.7755102 ]]",4.667901992797852
1,LLE:SVM:3.31:81.48,0.8570833333333334,0.8571428571428571,"[[0.83673469 0.16326531]
 [0.12244898 0.87755102]]",81.47651791572571
2,MLLE:SVM:2.80:86.30,0.805940594059406,0.8061224489795918,"[[0.83673469 0.16326531]
 [0.2244898  0.7755102 ]]",86.30254578590393
