,states,f1_scores,accuracy_scores,cfms,time
0,RAW:SVM:7.49:7.49,0.8260778786929742,0.826530612244898,"[[0.87755102 0.12244898]
 [0.2244898  0.7755102 ]]",7.494856357574463
1,LLE:SVM:4.06:80.36,0.8570833333333334,0.8571428571428571,"[[0.83673469 0.16326531]
 [0.12244898 0.87755102]]",80.3556261062622
2,MLLE:SVM:3.58:87.61,0.805940594059406,0.8061224489795918,"[[0.83673469 0.16326531]
 [0.2244898  0.7755102 ]]",87.6146240234375
