,states,f1_scores,accuracy_scores,cfms,time
0,RAW:SVM:5.50:5.50,0.785155026620733,0.7857142857142857,"[[0.83673469 0.16326531]
 [0.26530612 0.73469388]]",5.5
1,LLE:SVM:3.44:67.88,0.8163265306122449,0.8163265306122449,"[[0.81632653 0.18367347]
 [0.18367347 0.81632653]]",67.87547373771667
2,MLLE:SVM:3.23:71.70,0.7958333333333333,0.7959183673469388,"[[0.81632653 0.18367347]
 [0.2244898  0.7755102 ]]",71.70312547683716
