,states,f1_scores,accuracy_scores,cfms,time
0,RAW:SVM:4.14:4.14,0.8260778786929742,0.826530612244898,"[[0.87755102 0.12244898]
 [0.2244898  0.7755102 ]]",4.1391987800598145
1,LLE:SVM:3.36:75.14,0.8570833333333334,0.8571428571428571,"[[0.83673469 0.16326531]
 [0.12244898 0.87755102]]",75.14422392845154
2,MLLE:SVM:2.72:77.21,0.805940594059406,0.8061224489795918,"[[0.83673469 0.16326531]
 [0.2244898  0.7755102 ]]",77.20692467689514
