,states,f1_scores,accuracy_scores,cfms,time
0,RAW:LR:0.13,0.8541327836847415,0.8232335049134301,"[[0.83413323 0.16586677]
 [0.29271613 0.70728387]]",0.13231968879699707
1,RAW:SVM:9.31,0.8582617827716769,0.8291413196069256,"[[0.84091636 0.15908364]
 [0.29611981 0.70388019]]",9.30725622177124
2,LLE:LR:0.01,0.9009624063657401,0.9123771642489471,"[[0.9726755  0.0273245 ]
 [0.72906739 0.27093261]]",39.92822313308716
3,LLE:SVM:0.02,0.8653552363935217,0.8440570893776322,"[[0.87060856 0.12939144]
 [0.43839346 0.56160654]]",39.93728828430176
4,MLLE:LR:0.01,0.9044035929197173,0.9175245671502106,"[[0.97881871 0.02118129]
 [0.73451327 0.26548673]]",40.6221239566803
5,MLLE:SVM:0.02,0.876631847444465,0.8606106691623772,"[[0.8898701 0.1101299]
 [0.4506467 0.5493533]]",40.631380558013916
