,states,precision_scores,recall_scores,f1_scores,accuracy_scores,time,cms,rocs
0,Linear_SVM:PCA,0.2448210922787194,0.7222222222222222,0.3656821378340366,0.7852380952380953,0.7258198261260986,"[[1519  401]
 [  50  130]]","(array([0.        , 0.20885417, 1.        ]), array([0.        , 0.72222222, 1.        ]), array([2, 1, 0]))"
1,Linear_SVM:LLE,0.1934156378600823,0.5222222222222223,0.2822822822822823,0.7723809523809524,0.007361412048339844,"[[1528  392]
 [  86   94]]","(array([0.        , 0.20416667, 1.        ]), array([0.        , 0.52222222, 1.        ]), array([2, 1, 0]))"
2,Linear_SVM:MLLE,0.16113744075829384,0.5666666666666667,0.25092250922509224,0.71,0.007799625396728516,"[[1389  531]
 [  78  102]]","(array([0.       , 0.2765625, 1.       ]), array([0.        , 0.56666667, 1.        ]), array([2, 1, 0]))"
3,RBF_SVM:PCA,0.3188854489164087,0.5722222222222222,0.4095427435387674,0.8585714285714285,0.9631731510162354,"[[1700  220]
 [  77  103]]","(array([0.        , 0.11458333, 1.        ]), array([0.        , 0.57222222, 1.        ]), array([2, 1, 0]))"
4,RBF_SVM:LLE,0.1918238993710692,0.6777777777777778,0.29901960784313725,0.7276190476190476,1.2713286876678467,"[[1406  514]
 [  58  122]]","(array([0.        , 0.26770833, 1.        ]), array([0.        , 0.67777778, 1.        ]), array([2, 1, 0]))"
5,RBF_SVM:MLLE,0.22105263157894736,0.5833333333333334,0.3206106870229008,0.7880952380952381,1.1314525604248047,"[[1550  370]
 [  75  105]]","(array([0.        , 0.19270833, 1.        ]), array([0.        , 0.58333333, 1.        ]), array([2, 1, 0]))"
